product_id,product_name,price,stock,category
1,Smartwatch,1979.18,29,Electronics
2,Smartphone,530.69,80,Gadgets
3,Speaker,1520.03,44,Accessories
4,Smartwatch,933.33,58,Electronics
5,Smartwatch,998.1,25,Electronics
6,Smartwatch,892.49,3,Accessories
7,Television,1967.35,79,Accessories
8,Camera,509.4,65,Electronics
9,Tablet,1963.95,77,Accessories
10,Laptop,1891.19,80,Electronics
11,Tablet,916.91,24,Gadgets
12,Smartphone,1032.24,43,Electronics
13,Laptop,1222.85,94,Gadgets
14,Smartphone,511.39,96,Accessories
15,Camera,1535.94,93,Accessories
16,Tablet,1460.16,70,Electronics
17,Speaker,1434.5,18,Gadgets
18,Laptop,1872.21,97,Gadgets
19,Smartwatch,753.41,46,Accessories
20,Tablet,1651.29,42,Electronics
21,Tablet,533.48,63,Accessories
22,Speaker,1828.46,28,Gadgets
23,Headphones,933.5,91,Gadgets
24,Monitor,1304.59,2,Accessories
25,Camera,987.84,43,Gadgets
26,Headphones,1223.71,11,Electronics
27,Monitor,716.16,63,Electronics
28,Television,1843.67,98,Gadgets
29,Smartphone,754.7,48,Gadgets
30,Smartwatch,1949.23,9,Gadgets
31,Printer,1947.96,42,Electronics
32,Smartphone,1638.52,0,Accessories
33,Printer,1170.15,25,Accessories
34,Television,1231.05,5,Gadgets
35,Tablet,1280.97,67,Electronics
36,Laptop,516.56,19,Gadgets
37,Tablet,1069.25,78,Accessories
38,Speaker,1559.22,60,Electronics
39,Smartwatch,995.61,78,Accessories
40,Smartphone,1577.66,73,Accessories
41,Camera,1978.4,48,Accessories
42,Speaker,1252.88,1,Electronics
43,Laptop,766.24,7,Accessories
44,Smartwatch,1226.38,18,Accessories
45,Smartwatch,862.16,40,Electronics
46,Television,1895.08,61,Accessories
47,Television,1211.66,85,Gadgets
48,Speaker,1051.27,15,Accessories
49,Smartwatch,811.3,17,Accessories
50,Monitor,1551.89,85,Accessories
51,Television,1225.75,32,Electronics
52,Speaker,1463.11,72,Accessories
53,Smartwatch,1799.75,97,Accessories
54,Laptop,1896.01,48,Electronics
55,Smartphone,1986.83,75,Gadgets
56,Monitor,1657.16,32,Gadgets
57,Camera,1694.86,89,Gadgets
58,Smartwatch,1397.76,68,Electronics
59,Laptop,534.53,14,Accessories
60,Television,1606.32,19,Electronics
61,Speaker,1702.96,31,Accessories
62,Monitor,1543.81,7,Gadgets
63,Smartphone,1025.87,49,Electronics
64,Monitor,860.7,5,Gadgets
65,Monitor,849.21,65,Electronics
66,Tablet,611.04,17,Gadgets
67,Laptop,769.34,82,Gadgets
68,Smartwatch,1554.4,32,Gadgets
69,Smartwatch,748.83,44,Gadgets
70,Smartwatch,1835.4,74,Electronics
71,Tablet,1208.98,85,Gadgets
72,Printer,1307.61,53,Electronics
73,Monitor,1729.18,94,Accessories
74,Television,555.26,58,Gadgets
75,Television,1185.26,23,Accessories
76,Television,529.82,98,Electronics
77,Camera,1666.55,70,Gadgets
78,Monitor,1174.89,72,Electronics
79,Printer,1070.39,82,Gadgets
80,Television,1648.79,41,Accessories
81,Tablet,720.86,83,Accessories
82,Monitor,1784.38,97,Gadgets
83,Smartwatch,804.13,2,Gadgets
84,Smartwatch,1277.73,1,Accessories
85,Headphones,1332.92,1,Electronics
86,Monitor,1479.79,71,Electronics
87,Tablet,991.72,65,Gadgets
88,Tablet,1365.3,9,Electronics
89,Monitor,1146.92,81,Gadgets
90,Monitor,1503.92,61,Gadgets
91,Tablet,1371.28,86,Gadgets
92,Smartwatch,700.76,6,Electronics
93,Monitor,1653.41,35,Accessories
94,Smartphone,1765.17,100,Accessories
95,Monitor,1281.87,7,Gadgets
96,Smartwatch,571.76,8,Electronics
97,Printer,1737.9,79,Electronics
98,Camera,1691.53,43,Electronics
99,Monitor,1739.03,68,Gadgets
100,Smartwatch,1949.41,31,Accessories
101,Monitor,871.91,11,Accessories
102,Television,1992.05,44,Gadgets
103,Television,1054.68,71,Gadgets
104,Tablet,1276.18,87,Gadgets
105,Smartphone,590.19,29,Gadgets
106,Smartphone,943.36,22,Accessories
107,Smartwatch,581.14,79,Gadgets
108,Tablet,657.25,83,Electronics
109,Smartwatch,1770.79,47,Accessories
110,Smartphone,1684.58,11,Electronics
111,Laptop,1465.09,95,Gadgets
112,Speaker,1382.39,63,Gadgets
113,Printer,713.35,12,Accessories
114,Smartwatch,1520.53,43,Accessories
115,Smartphone,953.94,10,Accessories
116,Headphones,1402.44,8,Electronics
117,Speaker,1694.94,18,Gadgets
118,Tablet,1935.51,7,Electronics
119,Smartwatch,1691.06,3,Accessories
120,Camera,682.85,15,Electronics
121,Television,1035.92,28,Accessories
122,Speaker,1915.23,96,Accessories
123,Smartphone,685.7,29,Gadgets
124,Monitor,933.26,40,Accessories
125,Printer,1594.47,96,Electronics
126,Smartwatch,1164.3,11,Electronics
127,Television,788.65,43,Accessories
128,Smartwatch,1846.66,93,Accessories
129,Speaker,1078.09,49,Gadgets
130,Speaker,1910.92,27,Electronics
131,Speaker,1304.74,44,Gadgets
132,Smartwatch,556.21,50,Electronics
133,Headphones,705.76,89,Accessories
134,Tablet,703.72,62,Electronics
135,Camera,872.86,23,Electronics
136,Television,822.02,40,Gadgets
137,Television,978.8,80,Gadgets
138,Tablet,1675.17,5,Gadgets
139,Laptop,696.61,4,Electronics
140,Headphones,1143.16,68,Accessories
141,Printer,1327.84,58,Electronics
142,Monitor,1598.0,32,Gadgets
143,Smartphone,1231.75,61,Electronics
144,Speaker,1578.42,77,Electronics
145,Smartphone,513.97,86,Electronics
146,Printer,1209.02,99,Accessories
147,Monitor,1396.75,100,Gadgets
148,Monitor,1334.78,79,Gadgets
149,Smartphone,774.26,6,Gadgets
150,Smartphone,656.06,27,Accessories
151,Speaker,1517.18,27,Electronics
152,Camera,827.49,26,Gadgets
153,Speaker,1430.93,100,Accessories
154,Tablet,849.63,9,Gadgets
155,Monitor,1022.12,38,Accessories
156,Printer,514.01,33,Electronics
157,Speaker,1066.12,56,Gadgets
158,Laptop,640.8,15,Electronics
159,Smartphone,803.68,32,Electronics
160,Television,1535.73,41,Accessories
161,Camera,1084.53,64,Accessories
162,Smartphone,1873.43,22,Electronics
163,Speaker,1535.68,40,Gadgets
164,Television,1976.38,80,Accessories
165,Monitor,650.44,45,Gadgets
166,Printer,1770.55,100,Accessories
167,Laptop,1780.99,74,Electronics
168,Camera,1730.09,75,Gadgets
169,Camera,1758.72,2,Accessories
170,Monitor,1741.82,70,Gadgets
171,Television,1627.75,67,Gadgets
172,Camera,1635.15,8,Accessories
173,Speaker,669.52,58,Electronics
174,Camera,1917.52,72,Electronics
175,Smartphone,724.12,10,Electronics
176,Headphones,927.28,86,Electronics
177,Headphones,1345.69,56,Accessories
178,Laptop,1328.97,18,Electronics
179,Printer,1706.88,64,Accessories
180,Laptop,1608.24,49,Electronics
181,Camera,634.51,55,Electronics
182,Camera,1934.64,33,Electronics
183,Tablet,1216.56,45,Gadgets
184,Smartphone,1895.36,43,Electronics
185,Smartphone,1904.36,4,Electronics
186,Camera,1121.15,43,Electronics
187,Printer,825.86,24,Gadgets
188,Laptop,787.15,46,Accessories
189,Headphones,1693.36,32,Electronics
190,Smartwatch,1953.48,46,Electronics
191,Speaker,522.74,22,Accessories
192,Headphones,1214.61,95,Gadgets
193,Printer,1939.32,75,Accessories
194,Television,567.56,3,Gadgets
195,Tablet,611.34,49,Electronics
196,Monitor,1644.81,72,Electronics
197,Speaker,524.59,100,Accessories
198,Camera,885.67,81,Gadgets
199,Laptop,1314.35,26,Accessories
200,Camera,1904.46,57,Gadgets
201,Television,1096.37,15,Accessories
202,Television,1926.61,13,Accessories
203,Smartwatch,822.33,93,Gadgets
204,Smartwatch,1529.85,71,Electronics
205,Printer,1286.71,72,Electronics
206,Monitor,1198.09,6,Gadgets
207,Television,1751.91,14,Accessories
208,Printer,1559.09,55,Electronics
209,Speaker,1412.89,62,Gadgets
210,Monitor,910.62,18,Electronics
211,Printer,1662.42,78,Electronics
212,Tablet,1782.18,30,Gadgets
213,Headphones,1404.57,88,Accessories
214,Camera,1250.1,7,Accessories
215,Speaker,1785.38,48,Gadgets
216,Headphones,1465.13,24,Electronics
217,Television,1790.3,84,Electronics
218,Tablet,703.31,96,Accessories
219,Speaker,1908.01,79,Electronics
220,Speaker,883.02,67,Accessories
221,Television,1610.32,69,Gadgets
222,Camera,1221.0,59,Electronics
223,Speaker,528.65,79,Electronics
224,Speaker,968.46,95,Electronics
225,Printer,1917.5,14,Electronics
226,Tablet,1915.12,29,Accessories
227,Smartphone,643.36,8,Accessories
228,Speaker,1571.93,40,Gadgets
229,Smartphone,1558.02,80,Accessories
230,Tablet,895.79,83,Accessories
231,Laptop,1114.32,88,Electronics
232,Headphones,565.3,35,Gadgets
233,Smartphone,1378.35,40,Gadgets
234,Speaker,958.5,63,Gadgets
235,Camera,1839.21,11,Accessories
236,Camera,1104.15,53,Gadgets
237,Headphones,1609.04,35,Gadgets
238,Tablet,700.01,94,Accessories
239,Camera,1798.24,0,Gadgets
240,Headphones,1378.55,81,Electronics
241,Laptop,1835.89,69,Accessories
242,Smartphone,1887.8,80,Electronics
243,Monitor,1917.27,38,Gadgets
244,Smartwatch,563.56,39,Electronics
245,Smartphone,1026.7,94,Electronics
246,Smartphone,927.62,40,Gadgets
247,Tablet,595.86,93,Electronics
248,Camera,1479.57,44,Accessories
249,Smartphone,652.93,34,Gadgets
250,Laptop,1884.38,89,Accessories
251,Speaker,1597.34,74,Accessories
252,Headphones,669.83,84,Electronics
253,Speaker,1429.5,77,Electronics
254,Smartwatch,1263.67,73,Electronics
255,Television,1580.79,8,Gadgets
256,Headphones,1957.46,83,Electronics
257,Headphones,1426.08,11,Gadgets
258,Camera,770.4,96,Electronics
259,Speaker,1692.04,56,Electronics
260,Camera,1424.05,86,Accessories
261,Headphones,776.03,84,Electronics
262,Headphones,1341.01,62,Gadgets
263,Camera,1974.58,31,Accessories
264,Headphones,848.88,71,Electronics
265,Tablet,1681.46,72,Accessories
266,Monitor,1718.15,69,Gadgets
267,Television,1743.72,28,Accessories
268,Smartphone,733.44,79,Electronics
269,Smartphone,1268.46,32,Gadgets
270,Headphones,644.35,35,Gadgets
271,Smartphone,882.49,77,Gadgets
272,Tablet,1623.05,4,Electronics
273,Headphones,1748.85,18,Electronics
274,Smartphone,962.98,59,Electronics
275,Smartphone,1465.9,84,Accessories
276,Tablet,959.88,60,Accessories
277,Speaker,1256.45,48,Gadgets
278,Laptop,546.14,12,Accessories
279,Laptop,794.36,62,Gadgets
280,Television,1271.96,20,Accessories
281,Camera,1234.0,33,Accessories
282,Headphones,749.17,25,Electronics
283,Camera,865.8,13,Electronics
284,Smartwatch,889.77,27,Electronics
285,Laptop,1825.44,64,Gadgets
286,Headphones,927.91,48,Accessories
287,Laptop,1489.53,28,Accessories
288,Smartphone,796.6,39,Electronics
289,Television,1824.38,43,Accessories
290,Printer,1395.64,85,Gadgets
291,Camera,1124.56,88,Accessories
292,Speaker,829.34,26,Electronics
293,Monitor,1802.12,12,Accessories
294,Laptop,776.18,1,Gadgets
295,Monitor,1763.06,37,Electronics
296,Smartphone,991.94,95,Gadgets
297,Tablet,1009.37,35,Accessories
298,Television,628.82,35,Accessories
299,Printer,809.84,47,Electronics
300,Headphones,1442.22,54,Electronics
301,Speaker,1646.44,19,Gadgets
302,Camera,1461.59,52,Accessories
303,Tablet,1549.84,34,Gadgets
304,Headphones,1808.15,30,Gadgets
305,Printer,802.92,5,Electronics
306,Speaker,1888.65,13,Accessories
307,Headphones,1170.78,14,Gadgets
308,Printer,1398.58,15,Accessories
309,Headphones,922.05,26,Electronics
310,Television,1558.51,76,Gadgets
311,Monitor,1404.81,13,Electronics
312,Smartwatch,981.03,91,Accessories
313,Headphones,1730.11,13,Electronics
314,Camera,826.83,20,Accessories
315,Printer,1211.15,98,Gadgets
316,Smartphone,803.94,98,Gadgets
317,Smartwatch,586.14,55,Accessories
318,Camera,1476.03,90,Accessories
319,Television,629.8,16,Accessories
320,Tablet,1121.48,63,Gadgets
321,Tablet,764.53,80,Electronics
322,Tablet,1417.87,44,Gadgets
323,Headphones,1886.24,85,Accessories
324,Laptop,1362.71,65,Gadgets
325,Tablet,1229.57,76,Gadgets
326,Smartwatch,1649.26,65,Electronics
327,Printer,1703.94,83,Electronics
328,Monitor,966.73,48,Electronics
329,Camera,1787.18,85,Accessories
330,Monitor,1652.2,13,Electronics
331,Camera,597.4,65,Electronics
332,Tablet,1390.03,74,Accessories
333,Printer,518.57,49,Accessories
334,Camera,1971.52,14,Gadgets
335,Tablet,1906.4,61,Accessories
336,Speaker,1642.67,13,Electronics
337,Monitor,1226.13,37,Electronics
338,Television,1544.42,46,Electronics
339,Smartwatch,1586.28,5,Gadgets
340,Printer,1465.21,81,Gadgets
341,Printer,1214.98,72,Accessories
342,Camera,1569.86,37,Accessories
343,Smartphone,1363.71,35,Electronics
344,Smartwatch,1014.52,15,Gadgets
345,Smartwatch,1152.6,97,Accessories
346,Printer,1405.07,100,Accessories
347,Television,1702.27,57,Accessories
348,Monitor,1395.31,74,Accessories
349,Monitor,778.05,14,Accessories
350,Smartphone,1661.02,22,Electronics
351,Printer,1644.03,58,Electronics
352,Headphones,1009.61,4,Electronics
353,Smartphone,1257.93,15,Gadgets
354,Tablet,1994.68,64,Accessories
355,Speaker,1323.63,16,Accessories
356,Camera,873.4,72,Electronics
357,Tablet,1896.06,17,Electronics
358,Television,782.52,47,Accessories
359,Headphones,1959.81,74,Accessories
360,Headphones,1878.63,91,Electronics
361,Laptop,1206.84,89,Gadgets
362,Laptop,763.23,76,Electronics
363,Smartwatch,1598.26,88,Electronics
364,Laptop,1833.7,96,Accessories
365,Smartphone,562.44,40,Gadgets
366,Speaker,876.53,22,Electronics
367,Laptop,1788.56,75,Gadgets
368,Smartphone,1993.23,62,Gadgets
369,Camera,817.51,33,Gadgets
370,Headphones,776.75,6,Gadgets
371,Laptop,1473.92,40,Accessories
372,Smartwatch,1040.86,13,Gadgets
373,Speaker,514.26,32,Accessories
374,Printer,1408.39,20,Gadgets
375,Monitor,1737.49,49,Accessories
376,Tablet,1234.41,55,Electronics
377,Tablet,687.63,2,Electronics
378,Tablet,704.44,0,Accessories
379,Smartphone,1390.77,71,Electronics
380,Camera,544.14,62,Accessories
381,Camera,726.91,45,Accessories
382,Laptop,754.34,71,Accessories
383,Camera,700.43,40,Electronics
384,Tablet,1389.18,92,Electronics
385,Tablet,1607.98,17,Gadgets
386,Printer,1940.0,80,Accessories
387,Smartphone,1380.14,10,Gadgets
388,Headphones,583.18,10,Gadgets
389,Smartphone,1000.1,28,Accessories
390,Speaker,557.74,14,Gadgets
391,Camera,1995.33,47,Accessories
392,Monitor,1703.38,62,Gadgets
393,Headphones,536.31,83,Accessories
394,Headphones,725.88,46,Accessories
395,Headphones,1904.32,45,Gadgets
396,Camera,824.82,83,Electronics
397,Speaker,1048.0,81,Gadgets
398,Printer,1030.44,14,Accessories
399,Laptop,1063.31,92,Gadgets
400,Smartphone,1842.75,78,Gadgets
401,Headphones,1852.64,12,Gadgets
402,Laptop,1463.06,44,Electronics
403,Speaker,1596.23,68,Gadgets
404,Tablet,930.87,65,Electronics
405,Headphones,674.99,41,Electronics
406,Headphones,1845.07,71,Gadgets
407,Laptop,1540.08,31,Electronics
408,Printer,1236.86,51,Accessories
409,Laptop,1585.47,48,Accessories
410,Tablet,883.33,34,Electronics
411,Smartphone,1361.98,37,Accessories
412,Tablet,1375.12,49,Gadgets
413,Monitor,1444.1,26,Accessories
414,Smartwatch,888.48,61,Gadgets
415,Laptop,1372.11,12,Gadgets
416,Speaker,1657.55,75,Gadgets
417,Television,1416.39,48,Electronics
418,Monitor,1313.4,77,Accessories
419,Laptop,912.16,48,Electronics
420,Camera,1625.69,46,Accessories
421,Laptop,1151.53,72,Electronics
422,Television,792.47,43,Accessories
423,Monitor,1550.54,82,Electronics
424,Camera,1083.69,11,Electronics
425,Camera,939.3,58,Accessories
426,Television,1618.01,55,Gadgets
427,Television,1763.11,67,Electronics
428,Television,1926.52,66,Electronics
429,Monitor,600.02,28,Gadgets
430,Camera,1416.03,28,Accessories
431,Camera,1573.51,76,Electronics
432,Smartphone,1949.42,47,Accessories
433,Headphones,1847.63,82,Electronics
434,Smartwatch,1717.11,74,Gadgets
435,Smartwatch,1754.77,38,Accessories
436,Smartwatch,1894.45,11,Accessories
437,Smartwatch,1311.97,0,Gadgets
438,Tablet,874.84,32,Electronics
439,Camera,1372.51,45,Gadgets
440,Television,1674.05,64,Electronics
441,Speaker,1473.62,79,Accessories
442,Speaker,780.16,94,Gadgets
443,Smartphone,848.93,40,Gadgets
444,Speaker,1166.63,97,Electronics
445,Smartphone,564.45,39,Gadgets
446,Television,859.69,4,Gadgets
447,Tablet,1336.63,7,Electronics
448,Headphones,1429.18,71,Accessories
449,Camera,769.39,77,Electronics
450,Smartwatch,1532.1,89,Gadgets
451,Laptop,798.38,27,Gadgets
452,Headphones,1879.34,39,Electronics
453,Printer,1898.73,100,Electronics
454,Speaker,1376.59,99,Accessories
455,Laptop,1807.37,15,Electronics
456,Smartwatch,1210.54,75,Gadgets
457,Laptop,1113.59,28,Gadgets
458,Smartwatch,1180.22,74,Gadgets
459,Monitor,1215.43,81,Electronics
460,Monitor,1728.84,65,Gadgets
461,Headphones,1286.74,97,Electronics
462,Smartwatch,1945.04,91,Accessories
463,Smartphone,1194.62,79,Gadgets
464,Television,1083.27,42,Gadgets
465,Smartwatch,1458.01,73,Gadgets
466,Monitor,598.21,26,Accessories
467,Smartphone,964.04,1,Gadgets
468,Television,671.09,83,Gadgets
469,Printer,677.47,3,Accessories
470,Tablet,1594.59,93,Accessories
471,Smartwatch,1020.53,79,Electronics
472,Tablet,1454.75,43,Accessories
473,Smartwatch,985.02,39,Gadgets
474,Laptop,1303.21,22,Electronics
475,Camera,644.01,76,Gadgets
476,Laptop,1224.48,54,Accessories
477,Printer,1874.85,27,Electronics
478,Laptop,1103.77,12,Gadgets
479,Laptop,1822.57,81,Electronics
480,Tablet,818.19,57,Gadgets
481,Tablet,1265.67,97,Electronics
482,Camera,1226.72,64,Gadgets
483,Tablet,1654.28,74,Electronics
484,Printer,1529.68,45,Electronics
485,Camera,1043.52,87,Accessories
486,Printer,955.27,9,Accessories
487,Smartwatch,1726.52,45,Electronics
488,Headphones,1722.9,53,Electronics
489,Smartphone,1363.46,89,Accessories
490,Speaker,1349.95,76,Electronics
491,Tablet,878.61,57,Gadgets
492,Headphones,1713.2,54,Accessories
493,Speaker,1784.89,40,Electronics
494,Smartwatch,1966.67,83,Gadgets
495,Printer,1304.43,98,Electronics
496,Printer,1337.69,64,Electronics
497,Camera,1269.85,3,Accessories
498,Laptop,1460.39,88,Gadgets
499,Smartwatch,1110.53,80,Gadgets
500,Speaker,1765.75,47,Gadgets
501,Speaker,1524.4,58,Accessories
502,Smartphone,803.47,35,Gadgets
503,Television,1601.83,64,Accessories
504,Speaker,1595.52,58,Gadgets
505,Printer,1668.58,80,Accessories
506,Smartphone,1616.01,11,Gadgets
507,Tablet,1846.41,39,Gadgets
508,Printer,871.78,96,Electronics
509,Camera,1572.86,88,Electronics
510,Laptop,1933.76,74,Gadgets
511,Laptop,1747.84,17,Electronics
512,Smartwatch,1370.8,42,Accessories
513,Tablet,1393.05,75,Gadgets
514,Headphones,1083.05,10,Gadgets
515,Tablet,991.16,11,Electronics
516,Television,1073.73,72,Electronics
517,Speaker,1757.49,20,Accessories
518,Headphones,572.72,49,Electronics
519,Smartwatch,1841.1,5,Accessories
520,Headphones,1829.69,51,Accessories
521,Camera,1916.96,27,Accessories
522,Headphones,838.01,77,Gadgets
523,Headphones,1015.71,53,Electronics
524,Tablet,558.25,9,Electronics
525,Headphones,1186.02,96,Gadgets
526,Camera,1223.81,38,Accessories
527,Monitor,1859.85,93,Gadgets
528,Smartwatch,791.74,95,Electronics
529,Speaker,764.34,8,Gadgets
530,Smartphone,1147.24,24,Accessories
531,Laptop,824.08,82,Gadgets
532,Headphones,1758.26,44,Electronics
533,Monitor,847.86,51,Gadgets
534,Camera,1294.72,23,Gadgets
535,Monitor,1447.21,1,Gadgets
536,Tablet,1795.42,48,Accessories
537,Camera,1606.62,25,Electronics
538,Laptop,1539.2,39,Electronics
539,Speaker,929.66,87,Electronics
540,Smartphone,1566.24,99,Gadgets
541,Laptop,1160.09,19,Accessories
542,Laptop,1460.4,90,Gadgets
543,Monitor,1972.13,64,Accessories
544,Laptop,949.22,96,Accessories
545,Monitor,826.48,80,Electronics
546,Camera,1317.52,6,Electronics
547,Printer,1424.82,61,Electronics
548,Monitor,1249.97,76,Gadgets
549,Tablet,1077.82,31,Gadgets
550,Smartphone,1578.03,75,Gadgets
551,Television,693.8,80,Gadgets
552,Laptop,778.44,89,Gadgets
553,Headphones,1234.94,64,Accessories
554,Laptop,689.92,1,Gadgets
555,Camera,616.15,46,Gadgets
556,Speaker,1113.94,8,Gadgets
557,Camera,1325.68,42,Electronics
558,Monitor,868.08,88,Accessories
559,Printer,1327.67,66,Gadgets
560,Camera,1426.29,71,Gadgets
561,Camera,1369.55,19,Accessories
562,Monitor,802.0,44,Gadgets
563,Monitor,1686.35,52,Electronics
564,Speaker,1700.79,12,Electronics
565,Headphones,859.7,21,Accessories
566,Camera,1563.95,16,Gadgets
567,Speaker,755.54,35,Accessories
568,Television,1924.2,61,Electronics
569,Camera,1651.19,74,Electronics
570,Laptop,1647.57,38,Electronics
571,Smartphone,1972.56,46,Electronics
572,Smartwatch,1719.91,23,Gadgets
573,Laptop,1521.22,66,Gadgets
574,Smartwatch,1954.77,49,Gadgets
575,Monitor,710.98,21,Electronics
576,Smartwatch,1525.98,20,Gadgets
577,Laptop,1223.53,50,Electronics
578,Camera,1112.31,9,Gadgets
579,Laptop,573.87,86,Gadgets
580,Smartphone,1382.28,46,Gadgets
581,Tablet,1119.37,97,Accessories
582,Tablet,1286.69,44,Accessories
583,Headphones,1375.18,61,Accessories
584,Headphones,1358.67,2,Accessories
585,Tablet,519.56,16,Gadgets
586,Printer,719.73,35,Gadgets
587,Monitor,1643.34,55,Electronics
588,Camera,994.14,40,Electronics
589,Laptop,1320.16,63,Accessories
590,Tablet,1177.66,65,Electronics
591,Monitor,504.59,30,Gadgets
592,Headphones,1974.48,18,Electronics
593,Tablet,1532.18,25,Gadgets
594,Smartphone,1782.74,43,Electronics
595,Smartphone,1512.95,68,Gadgets
596,Monitor,871.92,100,Gadgets
597,Camera,1192.95,56,Gadgets
598,Printer,1597.94,57,Gadgets
599,Speaker,1131.4,53,Electronics
600,Speaker,1405.35,45,Electronics
601,Tablet,1780.54,16,Gadgets
602,Camera,1003.58,52,Gadgets
603,Laptop,964.79,63,Electronics
604,Monitor,1243.91,84,Accessories
605,Tablet,772.02,68,Electronics
606,Monitor,927.29,99,Gadgets
607,Smartphone,1808.72,43,Accessories
608,Camera,767.75,73,Accessories
609,Television,1858.5,12,Electronics
610,Printer,1632.08,52,Gadgets
611,Speaker,1360.03,55,Accessories
612,Smartphone,1387.14,100,Accessories
613,Smartphone,1032.67,3,Electronics
614,Camera,684.71,52,Gadgets
615,Laptop,1449.44,32,Gadgets
616,Television,1001.23,54,Accessories
617,Monitor,1399.59,93,Electronics
618,Smartwatch,574.91,80,Electronics
619,Camera,1256.14,11,Gadgets
620,Smartwatch,1847.68,90,Accessories
621,Television,1591.83,29,Accessories
622,Monitor,679.22,38,Gadgets
623,Camera,1201.46,31,Gadgets
624,Smartphone,1007.23,17,Electronics
625,Printer,1040.54,18,Accessories
626,Smartphone,1515.4,24,Gadgets
627,Tablet,798.82,14,Accessories
628,Camera,1198.96,37,Gadgets
629,Television,907.11,54,Gadgets
630,Printer,1670.37,93,Accessories
631,Smartwatch,893.11,42,Accessories
632,Tablet,1621.29,75,Accessories
633,Tablet,1392.26,93,Gadgets
634,Laptop,1554.34,29,Gadgets
635,Headphones,1753.05,76,Accessories
636,Monitor,547.78,95,Gadgets
637,Tablet,1793.33,22,Accessories
638,Television,857.31,19,Electronics
639,Printer,1806.53,94,Accessories
640,Smartphone,752.33,11,Gadgets
641,Printer,1736.74,79,Electronics
642,Tablet,1205.95,9,Gadgets
643,Speaker,711.98,3,Electronics
644,Printer,1267.99,84,Electronics
645,Monitor,1076.94,71,Accessories
646,Monitor,1351.7,95,Electronics
647,Laptop,876.17,29,Gadgets
648,Smartwatch,1600.55,17,Gadgets
649,Television,1722.52,47,Accessories
650,Television,1819.22,45,Electronics
651,Monitor,1622.6,78,Electronics
652,Laptop,920.6,89,Gadgets
653,Printer,1124.66,30,Electronics
654,Smartphone,1623.14,62,Accessories
655,Printer,1630.12,28,Accessories
656,Television,1288.65,82,Gadgets
657,Printer,1722.88,54,Electronics
658,Smartwatch,864.21,36,Electronics
659,Speaker,633.1,34,Gadgets
660,Speaker,1061.42,50,Electronics
661,Headphones,585.39,62,Accessories
662,Printer,1631.44,13,Accessories
663,Smartwatch,1932.96,18,Electronics
664,Monitor,639.31,33,Electronics
665,Headphones,933.76,37,Gadgets
666,Printer,1123.67,86,Gadgets
667,Tablet,633.49,92,Accessories
668,Monitor,1755.52,20,Accessories
669,Television,1636.55,11,Electronics
670,Speaker,514.27,30,Accessories
671,Camera,1582.74,31,Accessories
672,Television,1942.23,34,Accessories
673,Television,1819.56,35,Electronics
674,Camera,561.09,82,Accessories
675,Printer,1933.52,19,Electronics
676,Tablet,1620.53,21,Electronics
677,Laptop,1126.68,22,Accessories
678,Speaker,1509.62,53,Gadgets
679,Television,793.26,9,Accessories
680,Television,859.76,19,Gadgets
681,Smartwatch,1003.26,28,Electronics
682,Laptop,1336.45,23,Gadgets
683,Camera,1009.54,36,Electronics
684,Monitor,1899.42,34,Accessories
685,Camera,955.38,8,Gadgets
686,Laptop,639.92,7,Gadgets
687,Television,1255.12,65,Electronics
688,Tablet,1294.37,32,Accessories
689,Camera,1516.57,2,Electronics
690,Monitor,624.59,54,Electronics
691,Printer,988.83,65,Gadgets
692,Smartwatch,1491.62,10,Gadgets
693,Television,701.74,21,Electronics
694,Headphones,1500.68,54,Accessories
695,Smartwatch,617.62,49,Electronics
696,Speaker,1584.73,57,Gadgets
697,Television,977.44,16,Gadgets
698,Laptop,1707.06,25,Electronics
699,Laptop,1509.67,89,Electronics
700,Monitor,868.22,98,Electronics
701,Smartwatch,1305.3,5,Gadgets
702,Television,1843.93,97,Electronics
703,Television,1860.91,67,Gadgets
704,Laptop,1047.76,96,Gadgets
705,Laptop,1291.2,15,Gadgets
706,Smartwatch,1517.35,83,Gadgets
707,Television,1155.0,20,Electronics
708,Camera,1854.91,85,Gadgets
709,Printer,662.67,58,Gadgets
710,Printer,1087.04,13,Electronics
711,Camera,1429.16,66,Electronics
712,Monitor,1887.7,20,Accessories
713,Laptop,1610.2,3,Electronics
714,Headphones,654.3,48,Electronics
715,Smartwatch,1052.75,71,Gadgets
716,Camera,1521.2,8,Electronics
717,Smartphone,1864.69,69,Gadgets
718,Printer,884.37,8,Gadgets
719,Speaker,1599.21,42,Electronics
720,Smartphone,1487.76,53,Accessories
721,Smartwatch,864.26,99,Accessories
722,Tablet,1517.89,49,Electronics
723,Television,508.48,22,Accessories
724,Headphones,1109.21,11,Accessories
725,Monitor,1196.64,85,Accessories
726,Printer,1442.99,4,Gadgets
727,Television,997.59,35,Electronics
728,Speaker,1245.68,1,Electronics
729,Camera,860.55,50,Accessories
730,Printer,1354.68,44,Accessories
731,Tablet,1015.86,93,Accessories
732,Speaker,1180.16,11,Electronics
733,Headphones,985.15,63,Gadgets
734,Camera,1074.22,47,Gadgets
735,Speaker,507.77,62,Gadgets
736,Laptop,726.45,2,Accessories
737,Tablet,1257.3,75,Accessories
738,Printer,1774.94,31,Accessories
739,Speaker,1671.38,99,Gadgets
740,Television,708.23,15,Accessories
741,Monitor,937.4,48,Electronics
742,Headphones,1607.45,78,Electronics
743,Laptop,1493.16,12,Electronics
744,Tablet,1277.52,45,Electronics
745,Television,1596.45,29,Gadgets
746,Smartwatch,1055.05,99,Electronics
747,Smartwatch,1997.44,43,Gadgets
748,Laptop,1617.68,20,Accessories
749,Smartphone,1842.65,33,Gadgets
750,Smartwatch,503.88,31,Gadgets
751,Television,1582.87,12,Gadgets
752,Smartwatch,1380.9,19,Gadgets
753,Smartwatch,1481.7,91,Gadgets
754,Headphones,1259.38,2,Gadgets
755,Television,1454.85,23,Accessories
756,Monitor,926.44,59,Accessories
757,Camera,943.08,30,Electronics
758,Laptop,1182.11,32,Gadgets
759,Camera,1597.76,32,Electronics
760,Smartwatch,1430.23,18,Accessories
761,Speaker,1589.38,8,Accessories
762,Monitor,858.74,89,Electronics
763,Smartphone,1257.05,69,Accessories
764,Laptop,1155.77,17,Electronics
765,Smartwatch,1857.43,92,Accessories
766,Tablet,647.39,59,Accessories
767,Laptop,1828.42,8,Gadgets
768,Speaker,1319.05,36,Accessories
769,Smartwatch,1435.42,99,Electronics
770,Printer,811.21,54,Gadgets
771,Smartwatch,1554.78,73,Electronics
772,Monitor,1040.66,25,Gadgets
773,Printer,1717.64,22,Gadgets
774,Television,1258.34,88,Gadgets
775,Monitor,1762.62,3,Gadgets
776,Laptop,962.25,88,Electronics
777,Smartphone,1972.31,90,Electronics
778,Smartwatch,1578.92,11,Gadgets
779,Camera,1222.0,2,Accessories
780,Printer,1602.27,79,Electronics
781,Laptop,1166.17,27,Electronics
782,Smartphone,1980.62,68,Accessories
783,Speaker,1329.37,49,Electronics
784,Smartphone,595.87,52,Electronics
785,Tablet,1300.28,42,Gadgets
786,Smartphone,704.73,22,Electronics
787,Smartwatch,713.77,6,Accessories
788,Printer,1559.83,17,Gadgets
789,Tablet,1300.59,67,Accessories
790,Camera,827.32,74,Accessories
791,Printer,1040.85,84,Accessories
792,Speaker,1611.62,96,Gadgets
793,Monitor,862.77,14,Gadgets
794,Smartphone,664.38,11,Gadgets
795,Laptop,1176.49,29,Gadgets
796,Laptop,1096.07,47,Gadgets
797,Tablet,651.71,73,Gadgets
798,Smartwatch,1334.44,46,Accessories
799,Monitor,1531.17,58,Gadgets
800,Printer,1895.32,79,Accessories
801,Smartwatch,562.36,68,Electronics
802,Headphones,680.8,77,Electronics
803,Printer,1887.93,84,Gadgets
804,Printer,1956.02,79,Accessories
805,Smartphone,1510.9,52,Accessories
806,Tablet,912.82,75,Gadgets
807,Speaker,888.2,24,Gadgets
808,Television,946.54,72,Gadgets
809,Laptop,1140.7,93,Accessories
810,Printer,1737.71,42,Electronics
811,Television,1151.46,80,Gadgets
812,Television,550.91,2,Accessories
813,Camera,1400.29,79,Electronics
814,Camera,1504.25,32,Accessories
815,Tablet,1720.13,1,Accessories
816,Monitor,959.24,9,Gadgets
817,Printer,687.49,52,Gadgets
818,Smartwatch,771.34,90,Gadgets
819,Monitor,1172.09,15,Gadgets
820,Monitor,1847.84,35,Gadgets
821,Headphones,1572.49,25,Accessories
822,Television,1211.27,23,Electronics
823,Monitor,1246.69,3,Electronics
824,Tablet,1962.56,1,Gadgets
825,Laptop,1527.98,41,Electronics
826,Speaker,1814.7,3,Gadgets
827,Smartwatch,1570.83,56,Electronics
828,Camera,1881.88,45,Gadgets
829,Smartwatch,1421.22,36,Accessories
830,Television,1282.61,93,Electronics
831,Tablet,1368.62,15,Accessories
832,Laptop,1013.1,9,Electronics
833,Speaker,1340.6,69,Electronics
834,Camera,839.8,68,Accessories
835,Smartphone,606.89,37,Accessories
836,Smartwatch,884.11,3,Accessories
837,Tablet,1754.04,84,Electronics
838,Television,939.44,81,Electronics
839,Speaker,950.68,56,Electronics
840,Tablet,1733.3,6,Gadgets
841,Camera,716.76,22,Electronics
842,Smartwatch,1704.22,90,Gadgets
843,Smartwatch,754.7,97,Electronics
844,Printer,1437.98,75,Gadgets
845,Smartwatch,1829.04,85,Gadgets
846,Smartphone,1197.64,66,Accessories
847,Smartwatch,932.35,37,Gadgets
848,Monitor,1038.61,57,Electronics
849,Laptop,699.77,42,Accessories
850,Headphones,1063.29,65,Electronics
851,Camera,1754.63,63,Electronics
852,Camera,1854.93,32,Electronics
853,Television,1310.21,2,Accessories
854,Smartphone,892.22,14,Accessories
855,Camera,1039.57,75,Accessories
856,Speaker,904.9,60,Electronics
857,Smartwatch,1075.37,32,Gadgets
858,Speaker,1598.3,97,Accessories
859,Television,1964.07,33,Accessories
860,Television,1086.53,79,Gadgets
861,Laptop,1063.02,59,Gadgets
862,Monitor,1609.14,30,Electronics
863,Camera,725.53,14,Electronics
864,Smartphone,698.33,15,Accessories
865,Television,1610.09,63,Electronics
866,Tablet,1039.26,25,Gadgets
867,Camera,1229.11,3,Accessories
868,Smartphone,1356.37,82,Accessories
869,Headphones,1092.23,94,Accessories
870,Tablet,850.0,95,Accessories
871,Monitor,1669.34,82,Electronics
872,Camera,732.85,54,Electronics
873,Monitor,971.95,86,Accessories
874,Smartphone,733.24,11,Gadgets
875,Camera,818.72,64,Accessories
876,Speaker,1703.37,35,Accessories
877,Camera,1513.9,30,Electronics
878,Smartwatch,1068.46,82,Gadgets
879,Camera,1695.94,29,Accessories
880,Speaker,697.37,13,Electronics
881,Smartphone,727.39,91,Electronics
882,Smartphone,889.97,19,Electronics
883,Laptop,1066.19,45,Gadgets
884,Speaker,646.02,12,Electronics
885,Laptop,1305.04,64,Electronics
886,Headphones,1635.43,47,Electronics
887,Tablet,1143.08,26,Gadgets
888,Smartwatch,1460.21,15,Electronics
889,Headphones,559.65,19,Gadgets
890,Television,1765.81,7,Electronics
891,Speaker,1752.74,95,Gadgets
892,Printer,500.06,94,Accessories
893,Camera,1641.31,31,Accessories
894,Smartwatch,729.69,9,Gadgets
895,Headphones,1380.68,36,Electronics
896,Tablet,1480.09,11,Electronics
897,Smartphone,1766.74,67,Accessories
898,Smartwatch,502.82,86,Accessories
899,Camera,1280.57,1,Electronics
900,Headphones,1821.78,15,Gadgets
901,Speaker,1776.74,30,Gadgets
902,Tablet,1382.23,94,Accessories
903,Monitor,1142.49,40,Electronics
904,Printer,614.09,45,Accessories
905,Tablet,1495.74,41,Accessories
906,Tablet,533.53,70,Accessories
907,Laptop,899.19,46,Accessories
908,Smartphone,1766.6,74,Electronics
909,Smartwatch,1688.02,94,Gadgets
910,Speaker,1979.78,3,Gadgets
911,Laptop,1078.57,49,Gadgets
912,Camera,1933.84,93,Electronics
913,Headphones,1423.72,62,Electronics
914,Smartwatch,1833.88,55,Electronics
915,Smartwatch,909.23,52,Accessories
916,Tablet,1652.88,60,Accessories
917,Smartphone,1433.74,17,Gadgets
918,Monitor,1393.96,58,Accessories
919,Monitor,1123.78,58,Electronics
920,Laptop,1945.75,96,Gadgets
921,Smartphone,806.68,20,Electronics
922,Monitor,622.43,48,Gadgets
923,Headphones,1798.61,67,Electronics
924,Laptop,1829.61,54,Accessories
925,Speaker,994.4,67,Gadgets
926,Monitor,903.28,34,Gadgets
927,Monitor,1819.51,45,Electronics
928,Smartwatch,537.1,27,Electronics
929,Television,1895.87,8,Electronics
930,Smartwatch,1189.94,30,Accessories
931,Smartphone,1496.66,6,Electronics
932,Television,1175.87,37,Electronics
933,Smartphone,1138.03,43,Gadgets
934,Headphones,1088.96,58,Electronics
935,Camera,1313.89,41,Electronics
936,Camera,1775.74,63,Electronics
937,Television,1656.12,38,Accessories
938,Television,646.72,30,Electronics
939,Camera,1193.46,21,Accessories
940,Tablet,1508.37,7,Accessories
941,Smartwatch,663.74,6,Accessories
942,Monitor,1426.75,0,Electronics
943,Smartwatch,1397.11,90,Electronics
944,Television,1942.26,63,Accessories
945,Laptop,709.09,64,Gadgets
946,Television,1405.17,16,Electronics
947,Monitor,1740.58,2,Accessories
948,Smartphone,825.5,31,Electronics
949,Smartwatch,1182.49,49,Accessories
950,Monitor,1058.36,49,Gadgets
951,Smartwatch,535.32,21,Accessories
952,Laptop,1944.96,52,Accessories
953,Smartphone,1982.74,47,Accessories
954,Television,1770.66,38,Electronics
955,Camera,1489.63,90,Accessories
956,Camera,594.2,83,Gadgets
957,Laptop,1715.19,26,Electronics
958,Smartwatch,1785.67,80,Gadgets
959,Laptop,1169.04,86,Gadgets
960,Monitor,1104.17,4,Electronics
961,Camera,654.98,63,Accessories
962,Tablet,838.88,15,Accessories
963,Printer,602.45,10,Accessories
964,Smartwatch,1340.89,57,Electronics
965,Camera,1685.96,4,Electronics
966,Camera,1612.18,43,Electronics
967,Tablet,775.93,62,Accessories
968,Television,1865.13,44,Electronics
969,Headphones,1873.99,52,Gadgets
970,Headphones,787.91,34,Electronics
971,Smartphone,1797.88,74,Accessories
972,Speaker,551.94,45,Accessories
973,Laptop,1949.06,9,Gadgets
974,Speaker,501.08,10,Gadgets
975,Printer,1870.6,68,Accessories
976,Smartwatch,1327.31,1,Electronics
977,Monitor,587.15,2,Electronics
978,Camera,1311.64,57,Electronics
979,Television,1946.54,22,Gadgets
980,Smartphone,1606.04,75,Accessories
981,Television,1175.56,51,Accessories
982,Tablet,956.27,64,Gadgets
983,Headphones,1321.59,28,Electronics
984,Smartwatch,929.28,20,Gadgets
985,Headphones,1110.25,12,Gadgets
986,Tablet,1954.32,72,Accessories
987,Tablet,1187.27,9,Accessories
988,Headphones,1912.91,1,Electronics
989,Tablet,819.68,63,Electronics
990,Smartphone,1344.34,64,Gadgets
991,Smartwatch,883.86,79,Gadgets
992,Tablet,1177.86,16,Electronics
993,Television,890.77,71,Electronics
994,Speaker,1224.7,6,Accessories
995,Tablet,523.05,98,Accessories
996,Speaker,685.36,49,Accessories
997,Speaker,1145.05,79,Electronics
998,Printer,1476.87,76,Gadgets
999,Camera,558.92,28,Electronics
1000,Printer,903.74,5,Gadgets
1001,Printer,1352.66,67,Accessories
1002,Speaker,1597.92,82,Electronics
1003,Monitor,1847.57,92,Accessories
1004,Headphones,1537.12,90,Gadgets
1005,Speaker,1262.06,40,Gadgets
1006,Television,963.59,82,Accessories
1007,Monitor,650.18,46,Gadgets
1008,Television,1866.42,67,Electronics
1009,Monitor,1738.52,19,Accessories
1010,Laptop,1107.33,50,Electronics
1011,Smartphone,1722.36,24,Accessories
1012,Tablet,1972.0,46,Gadgets
1013,Laptop,1967.76,42,Gadgets
1014,Headphones,1147.64,38,Electronics
1015,Headphones,1647.01,88,Accessories
1016,Printer,869.85,49,Electronics
1017,Monitor,1746.9,86,Gadgets
1018,Monitor,583.11,10,Electronics
1019,Laptop,1263.59,65,Electronics
1020,Tablet,1784.01,87,Electronics
1021,Printer,821.21,11,Electronics
1022,Monitor,1958.77,25,Accessories
1023,Headphones,939.21,61,Electronics
1024,Monitor,1142.43,65,Gadgets
1025,Monitor,1630.85,37,Electronics
1026,Laptop,1043.08,50,Electronics
1027,Speaker,1509.96,100,Electronics
1028,Television,1384.39,95,Accessories
1029,Headphones,1450.42,65,Gadgets
1030,Laptop,871.43,41,Electronics
1031,Speaker,854.79,65,Gadgets
1032,Smartwatch,797.59,64,Gadgets
1033,Headphones,1401.38,82,Gadgets
1034,Speaker,1846.93,76,Accessories
1035,Smartwatch,1283.22,64,Gadgets
1036,Speaker,790.52,99,Gadgets
1037,Smartphone,826.11,25,Accessories
1038,Speaker,1210.21,82,Accessories
1039,Monitor,822.88,25,Electronics
1040,Monitor,1042.11,19,Electronics
1041,Smartwatch,915.13,100,Electronics
1042,Smartphone,1732.32,24,Electronics
1043,Smartphone,542.33,31,Accessories
1044,Camera,1176.26,100,Electronics
1045,Smartwatch,1118.16,37,Accessories
1046,Printer,1612.44,10,Electronics
1047,Laptop,1900.47,51,Electronics
1048,Smartwatch,1983.61,72,Accessories
1049,Smartwatch,1746.0,7,Gadgets
1050,Smartphone,934.81,38,Gadgets
1051,Monitor,977.52,91,Gadgets
1052,Monitor,1177.26,4,Accessories
1053,Smartphone,639.65,21,Gadgets
1054,Monitor,1238.93,95,Gadgets
1055,Speaker,1146.08,11,Accessories
1056,Smartwatch,1101.19,85,Gadgets
1057,Camera,1419.46,47,Accessories
1058,Smartwatch,1031.23,100,Accessories
1059,Monitor,694.86,56,Accessories
1060,Camera,1156.41,48,Gadgets
1061,Printer,1889.84,59,Electronics
1062,Tablet,1619.31,55,Electronics
1063,Smartwatch,1119.07,12,Gadgets
1064,Headphones,924.95,47,Electronics
1065,Monitor,676.87,43,Gadgets
1066,Speaker,1531.12,23,Electronics
1067,Speaker,662.87,2,Accessories
1068,Laptop,1535.16,5,Accessories
1069,Smartwatch,704.96,49,Electronics
1070,Headphones,1985.44,35,Accessories
1071,Television,1665.49,26,Electronics
1072,Monitor,1586.51,82,Accessories
1073,Smartwatch,1011.87,71,Electronics
1074,Speaker,1448.03,83,Accessories
1075,Headphones,1812.2,73,Gadgets
1076,Speaker,1567.09,92,Gadgets
1077,Monitor,1835.44,90,Accessories
1078,Tablet,1736.55,23,Electronics
1079,Printer,1285.32,6,Electronics
1080,Speaker,1801.88,73,Gadgets
1081,Smartphone,600.06,48,Accessories
1082,Camera,1139.89,30,Accessories
1083,Television,894.99,40,Accessories
1084,Speaker,936.64,12,Accessories
1085,Headphones,1866.42,74,Gadgets
1086,Headphones,1565.07,94,Gadgets
1087,Printer,1196.04,69,Electronics
1088,Television,1587.2,8,Electronics
1089,Smartwatch,856.85,13,Gadgets
1090,Speaker,754.77,28,Electronics
1091,Printer,1277.19,28,Gadgets
1092,Camera,945.13,95,Electronics
1093,Laptop,1132.17,45,Electronics
1094,Printer,1925.22,1,Gadgets
1095,Smartwatch,662.22,72,Electronics
1096,Camera,1162.59,46,Gadgets
1097,Headphones,1443.0,37,Accessories
1098,Smartphone,1637.7,8,Gadgets
1099,Monitor,754.93,68,Accessories
1100,Smartwatch,1424.18,73,Gadgets
1101,Speaker,1867.34,31,Gadgets
1102,Tablet,1765.38,6,Electronics
1103,Monitor,1643.45,0,Gadgets
1104,Printer,646.4,60,Gadgets
1105,Speaker,1677.36,2,Gadgets
1106,Smartwatch,1532.6,87,Accessories
1107,Television,1332.23,90,Gadgets
1108,Headphones,1469.29,35,Electronics
1109,Monitor,1532.07,96,Electronics
1110,Tablet,1005.94,48,Electronics
1111,Smartphone,946.71,20,Accessories
1112,Headphones,1074.67,80,Accessories
1113,Smartwatch,1554.92,53,Gadgets
1114,Camera,1857.3,95,Electronics
1115,Television,535.12,77,Gadgets
1116,Laptop,1440.64,70,Accessories
1117,Printer,810.53,52,Accessories
1118,Tablet,1794.69,24,Gadgets
1119,Speaker,1949.63,20,Accessories
1120,Television,1465.51,30,Gadgets
1121,Tablet,1428.13,92,Electronics
1122,Printer,543.57,4,Accessories
1123,Camera,1447.58,32,Gadgets
1124,Laptop,1146.37,71,Accessories
1125,Printer,519.41,73,Gadgets
1126,Television,700.69,2,Electronics
1127,Monitor,1946.4,7,Electronics
1128,Headphones,1305.39,40,Gadgets
1129,Tablet,1027.47,4,Accessories
1130,Monitor,1310.37,84,Gadgets
1131,Monitor,1914.08,41,Accessories
1132,Smartwatch,693.52,14,Accessories
1133,Printer,814.26,27,Accessories
1134,Camera,1126.56,61,Electronics
1135,Smartphone,1024.56,76,Accessories
1136,Television,892.01,16,Accessories
1137,Speaker,687.48,51,Gadgets
1138,Speaker,1901.71,96,Electronics
1139,Tablet,1107.75,56,Electronics
1140,Smartphone,1775.58,99,Gadgets
1141,Printer,1037.55,49,Electronics
1142,Smartphone,1124.09,45,Electronics
1143,Camera,509.27,48,Accessories
1144,Smartphone,1711.17,23,Accessories
1145,Smartphone,1292.98,47,Gadgets
1146,Laptop,1061.14,95,Accessories
1147,Television,739.91,79,Accessories
1148,Monitor,849.1,0,Accessories
1149,Laptop,1081.82,85,Electronics
1150,Printer,866.95,67,Accessories
1151,Laptop,1099.6,59,Gadgets
1152,Television,1635.07,80,Electronics
1153,Smartphone,675.79,97,Electronics
1154,Laptop,1556.49,69,Gadgets
1155,Laptop,1984.24,3,Electronics
1156,Laptop,1343.45,46,Electronics
1157,Smartphone,835.42,72,Accessories
1158,Headphones,1446.6,48,Gadgets
1159,Headphones,1063.31,69,Gadgets
1160,Tablet,1407.98,47,Electronics
1161,Laptop,583.21,25,Accessories
1162,Printer,1692.56,75,Gadgets
1163,Television,637.86,7,Electronics
1164,Printer,1713.74,26,Accessories
1165,Smartwatch,935.67,42,Accessories
1166,Laptop,987.7,41,Accessories
1167,Headphones,1532.1,2,Accessories
1168,Smartwatch,792.73,95,Accessories
1169,Speaker,716.05,65,Accessories
1170,Smartphone,1270.84,80,Accessories
1171,Headphones,846.45,34,Accessories
1172,Tablet,1495.08,35,Gadgets
1173,Headphones,794.52,50,Accessories
1174,Smartphone,1612.1,2,Gadgets
1175,Monitor,1159.95,71,Gadgets
1176,Camera,1943.67,72,Gadgets
1177,Smartwatch,1858.7,33,Accessories
1178,Printer,573.21,39,Accessories
1179,Speaker,948.62,3,Gadgets
1180,Headphones,1397.38,30,Accessories
1181,Smartwatch,1711.64,40,Gadgets
1182,Camera,632.35,10,Electronics
1183,Printer,696.85,23,Electronics
1184,Tablet,626.07,76,Electronics
1185,Television,1841.3,39,Electronics
1186,Monitor,1818.49,71,Accessories
1187,Smartwatch,1225.15,3,Gadgets
1188,Printer,1736.81,17,Gadgets
1189,Smartphone,1623.68,71,Gadgets
1190,Smartwatch,1632.12,71,Electronics
1191,Printer,1705.31,46,Electronics
1192,Tablet,1814.41,62,Gadgets
1193,Camera,912.77,1,Gadgets
1194,Camera,1419.38,76,Electronics
1195,Tablet,964.25,11,Accessories
1196,Printer,1165.66,26,Electronics
1197,Speaker,907.33,75,Gadgets
1198,Camera,1066.67,85,Gadgets
1199,Laptop,547.03,12,Accessories
1200,Camera,1017.36,19,Accessories
1201,Camera,1501.55,30,Electronics
1202,Smartphone,847.93,73,Electronics
1203,Speaker,1171.09,19,Electronics
1204,Smartphone,1489.67,55,Electronics
1205,Television,1075.53,1,Electronics
1206,Laptop,668.15,66,Gadgets
1207,Camera,1692.76,79,Electronics
1208,Printer,844.9,68,Electronics
1209,Monitor,1378.66,77,Electronics
1210,Laptop,1304.03,15,Electronics
1211,Television,1533.11,15,Gadgets
1212,Tablet,1651.11,23,Electronics
1213,Television,1692.71,100,Electronics
1214,Smartphone,1930.07,2,Electronics
1215,Headphones,1408.22,45,Accessories
1216,Headphones,1441.02,1,Electronics
1217,Printer,1679.59,37,Electronics
1218,Printer,943.01,6,Accessories
1219,Television,838.44,92,Accessories
1220,Camera,1389.18,16,Electronics
1221,Speaker,1691.16,68,Electronics
1222,Camera,871.93,96,Gadgets
1223,Printer,1935.86,21,Gadgets
1224,Headphones,1737.93,15,Electronics
1225,Tablet,712.76,37,Electronics
1226,Camera,1499.06,65,Electronics
1227,Printer,1439.75,3,Gadgets
1228,Monitor,1879.79,46,Electronics
1229,Smartphone,1148.87,21,Electronics
1230,Tablet,961.7,14,Electronics
1231,Television,818.26,24,Gadgets
1232,Speaker,1551.82,49,Electronics
1233,Television,1725.98,90,Accessories
1234,Tablet,1497.82,57,Electronics
1235,Tablet,1200.86,12,Accessories
1236,Headphones,884.2,52,Accessories
1237,Speaker,1512.01,55,Gadgets
1238,Television,1106.05,11,Electronics
1239,Speaker,1248.79,46,Gadgets
1240,Smartphone,1512.9,45,Gadgets
1241,Speaker,559.56,43,Electronics
1242,Tablet,1047.6,45,Accessories
1243,Monitor,830.4,99,Electronics
1244,Laptop,1399.37,58,Gadgets
1245,Headphones,1514.05,80,Gadgets
1246,Laptop,1880.53,31,Accessories
1247,Smartphone,1722.4,99,Gadgets
1248,Camera,1372.83,12,Accessories
1249,Monitor,785.62,35,Gadgets
1250,Camera,1179.91,67,Electronics
1251,Tablet,1749.3,19,Gadgets
1252,Monitor,1907.09,60,Electronics
1253,Headphones,1237.58,26,Accessories
1254,Laptop,1485.21,70,Electronics
1255,Smartphone,1447.89,26,Accessories
1256,Laptop,1802.32,29,Gadgets
1257,Tablet,1902.01,10,Accessories
1258,Printer,881.35,43,Accessories
1259,Laptop,1731.56,53,Gadgets
1260,Television,1498.69,98,Accessories
1261,Television,1594.3,39,Electronics
1262,Smartphone,871.26,79,Electronics
1263,Headphones,1128.47,70,Gadgets
1264,Speaker,1310.94,77,Electronics
1265,Printer,694.52,25,Electronics
1266,Speaker,577.14,68,Accessories
1267,Speaker,884.67,99,Electronics
1268,Tablet,1120.6,74,Gadgets
1269,Camera,1137.44,86,Accessories
1270,Headphones,500.04,90,Electronics
1271,Monitor,702.39,21,Gadgets
1272,Headphones,730.76,37,Gadgets
1273,Television,694.35,2,Gadgets
1274,Laptop,1972.02,28,Gadgets
1275,Smartwatch,748.72,29,Gadgets
1276,Monitor,540.7,45,Electronics
1277,Laptop,1018.28,91,Gadgets
1278,Smartphone,1693.42,68,Gadgets
1279,Laptop,1192.72,20,Electronics
1280,Tablet,551.02,31,Electronics
1281,Speaker,1216.72,8,Electronics
1282,Printer,1591.1,99,Accessories
1283,Tablet,1625.47,3,Accessories
1284,Camera,1300.31,25,Gadgets
1285,Camera,1233.25,64,Gadgets
1286,Speaker,747.03,27,Accessories
1287,Printer,1010.77,35,Accessories
1288,Tablet,614.42,46,Accessories
1289,Smartwatch,1984.37,99,Accessories
1290,Laptop,802.76,38,Gadgets
1291,Camera,1200.93,77,Accessories
1292,Camera,1750.26,6,Gadgets
1293,Headphones,1145.92,56,Accessories
1294,Laptop,1462.79,66,Electronics
1295,Smartwatch,543.13,45,Accessories
1296,Smartwatch,733.6,5,Electronics
1297,Smartphone,1570.79,71,Accessories
1298,Headphones,679.17,39,Electronics
1299,Smartphone,633.19,76,Electronics
1300,Tablet,1637.77,90,Accessories
1301,Smartphone,1066.06,70,Electronics
1302,Monitor,1745.1,10,Electronics
1303,Smartphone,1335.62,78,Electronics
1304,Laptop,1194.69,83,Electronics
1305,Camera,1149.92,67,Gadgets
1306,Headphones,1237.75,61,Accessories
1307,Printer,531.93,8,Accessories
1308,Smartwatch,1817.43,81,Gadgets
1309,Smartphone,626.38,62,Electronics
1310,Television,1653.14,53,Accessories
1311,Printer,1790.2,91,Accessories
1312,Tablet,835.79,89,Accessories
1313,Smartwatch,934.66,10,Electronics
1314,Television,536.54,64,Electronics
1315,Smartwatch,1227.74,39,Accessories
1316,Printer,1233.6,54,Accessories
1317,Headphones,984.17,67,Accessories
1318,Camera,733.97,30,Electronics
1319,Smartwatch,1842.36,67,Gadgets
1320,Smartphone,1411.55,13,Accessories
1321,Television,1810.72,61,Accessories
1322,Monitor,1318.24,24,Gadgets
1323,Camera,1144.1,33,Electronics
1324,Laptop,743.02,76,Accessories
1325,Camera,1095.17,80,Accessories
1326,Camera,1355.84,83,Electronics
1327,Monitor,914.71,79,Accessories
1328,Monitor,1161.16,38,Electronics
1329,Smartphone,577.85,56,Gadgets
1330,Headphones,1221.36,3,Electronics
1331,Tablet,1345.05,6,Electronics
1332,Tablet,1033.07,23,Accessories
1333,Tablet,691.98,81,Accessories
1334,Monitor,881.25,47,Gadgets
1335,Camera,536.03,75,Gadgets
1336,Smartphone,996.68,9,Accessories
1337,Camera,1682.13,61,Gadgets
1338,Printer,1057.53,52,Accessories
1339,Television,1675.91,64,Electronics
1340,Headphones,1109.52,28,Accessories
1341,Laptop,1108.9,49,Accessories
1342,Headphones,1637.43,37,Gadgets
1343,Laptop,1849.03,76,Gadgets
1344,Laptop,1180.17,64,Gadgets
1345,Printer,1902.59,42,Electronics
1346,Smartphone,1609.54,52,Electronics
1347,Laptop,1873.47,96,Electronics
1348,Monitor,981.51,40,Accessories
1349,Television,1927.45,36,Accessories
1350,Television,1345.05,53,Electronics
1351,Monitor,526.59,40,Accessories
1352,Speaker,1125.56,11,Gadgets
1353,Printer,1766.49,28,Accessories
1354,Headphones,1684.13,27,Accessories
1355,Camera,857.92,38,Electronics
1356,Monitor,1092.52,26,Electronics
1357,Smartphone,1084.05,62,Gadgets
1358,Laptop,1842.78,70,Gadgets
1359,Printer,840.82,76,Electronics
1360,Smartwatch,600.63,26,Gadgets
1361,Smartwatch,755.87,91,Accessories
1362,Headphones,1550.54,8,Accessories
1363,Tablet,1209.19,94,Electronics
1364,Speaker,693.79,2,Accessories
1365,Monitor,1212.37,44,Gadgets
1366,Smartwatch,1407.82,2,Gadgets
1367,Laptop,1165.46,24,Accessories
1368,Speaker,803.26,70,Gadgets
1369,Headphones,618.38,12,Electronics
1370,Tablet,1287.48,44,Electronics
1371,Tablet,1705.4,92,Accessories
1372,Monitor,1746.63,36,Electronics
1373,Smartphone,925.62,56,Electronics
1374,Headphones,1982.17,59,Gadgets
1375,Monitor,1811.66,82,Electronics
1376,Printer,922.46,30,Accessories
1377,Printer,1712.52,65,Gadgets
1378,Television,1706.3,22,Electronics
1379,Camera,1373.35,86,Accessories
1380,Headphones,1590.16,58,Gadgets
1381,Speaker,623.48,8,Electronics
1382,Television,1968.34,73,Electronics
1383,Speaker,954.15,8,Gadgets
1384,Tablet,1272.48,92,Gadgets
1385,Camera,1996.54,19,Gadgets
1386,Television,1328.52,62,Electronics
1387,Television,558.54,10,Electronics
1388,Smartphone,1375.98,48,Electronics
1389,Television,1572.14,87,Electronics
1390,Smartwatch,1137.59,71,Electronics
1391,Camera,1542.35,10,Electronics
1392,Headphones,1657.12,100,Accessories
1393,Monitor,1975.79,12,Electronics
1394,Monitor,550.29,64,Gadgets
1395,Monitor,511.47,77,Accessories
1396,Tablet,986.22,26,Electronics
1397,Tablet,1703.91,49,Gadgets
1398,Smartphone,1325.72,71,Gadgets
1399,Camera,629.99,24,Gadgets
1400,Tablet,1988.28,99,Accessories
1401,Monitor,629.21,35,Gadgets
1402,Speaker,1068.04,58,Accessories
1403,Smartwatch,1575.02,60,Accessories
1404,Smartphone,1335.29,24,Accessories
1405,Television,1150.84,45,Electronics
1406,Tablet,1630.94,87,Electronics
1407,Tablet,1578.46,11,Accessories
1408,Smartphone,1792.0,43,Gadgets
1409,Headphones,772.9,55,Gadgets
1410,Headphones,784.14,15,Accessories
1411,Smartwatch,1768.27,72,Accessories
1412,Headphones,1426.35,96,Accessories
1413,Smartphone,1344.13,3,Accessories
1414,Television,621.63,38,Accessories
1415,Headphones,1864.77,7,Accessories
1416,Tablet,1626.69,55,Accessories
1417,Television,1962.5,83,Gadgets
1418,Smartphone,1864.18,25,Accessories
1419,Laptop,1102.05,25,Electronics
1420,Monitor,1538.45,30,Gadgets
1421,Television,818.6,81,Gadgets
1422,Monitor,1850.83,76,Accessories
1423,Smartphone,1003.9,94,Electronics
1424,Laptop,1038.32,69,Accessories
1425,Laptop,1046.38,67,Accessories
1426,Headphones,1483.82,72,Accessories
1427,Tablet,1635.36,7,Electronics
1428,Monitor,810.95,30,Gadgets
1429,Camera,573.32,73,Gadgets
1430,Laptop,1785.59,73,Electronics
1431,Monitor,1423.62,14,Gadgets
1432,Smartphone,1902.76,72,Gadgets
1433,Television,1364.89,58,Electronics
1434,Smartphone,1241.6,15,Gadgets
1435,Headphones,824.66,49,Electronics
1436,Speaker,1370.39,6,Gadgets
1437,Headphones,770.47,93,Gadgets
1438,Printer,529.53,51,Gadgets
1439,Printer,1201.88,95,Gadgets
1440,Headphones,1714.97,10,Accessories
1441,Camera,1150.13,78,Gadgets
1442,Television,1808.65,3,Gadgets
1443,Tablet,829.4,62,Accessories
1444,Printer,1225.24,20,Accessories
1445,Laptop,855.26,4,Electronics
1446,Monitor,635.5,82,Electronics
1447,Smartphone,1586.39,2,Electronics
1448,Headphones,523.61,31,Gadgets
1449,Monitor,1094.98,58,Electronics
1450,Headphones,1163.53,44,Accessories
1451,Television,1367.67,63,Accessories
1452,Smartphone,1422.4,36,Electronics
1453,Smartphone,1598.18,88,Electronics
1454,Laptop,755.21,55,Electronics
1455,Headphones,1845.88,47,Electronics
1456,Camera,579.34,18,Gadgets
1457,Speaker,1517.61,39,Electronics
1458,Speaker,1592.27,2,Electronics
1459,Camera,1740.2,29,Accessories
1460,Printer,1063.13,9,Electronics
1461,Smartwatch,1293.71,69,Gadgets
1462,Headphones,990.08,54,Electronics
1463,Headphones,967.91,100,Accessories
1464,Headphones,502.12,48,Electronics
1465,Laptop,1518.51,66,Gadgets
1466,Monitor,979.21,40,Accessories
1467,Monitor,1962.78,94,Accessories
1468,Smartphone,1545.02,75,Accessories
1469,Television,962.86,59,Accessories
1470,Laptop,930.63,43,Accessories
1471,Laptop,1288.23,30,Electronics
1472,Smartphone,555.85,46,Electronics
1473,Smartwatch,1650.77,44,Electronics
1474,Printer,784.63,48,Accessories
1475,Monitor,1002.66,58,Accessories
1476,Television,986.81,4,Gadgets
1477,Printer,825.17,3,Gadgets
1478,Camera,1505.18,83,Electronics
1479,Speaker,833.65,92,Gadgets
1480,Television,1847.59,68,Gadgets
1481,Headphones,1152.82,13,Electronics
1482,Smartwatch,1283.01,14,Accessories
1483,Monitor,1961.28,91,Gadgets
1484,Speaker,1829.97,36,Gadgets
1485,Printer,1407.74,4,Electronics
1486,Headphones,1751.41,68,Gadgets
1487,Television,977.02,43,Electronics
1488,Printer,772.72,71,Accessories
1489,Smartphone,982.34,31,Electronics
1490,Speaker,1781.72,27,Electronics
1491,Tablet,1421.61,61,Gadgets
1492,Printer,1296.86,65,Gadgets
1493,Monitor,1199.41,11,Accessories
1494,Monitor,1115.93,6,Electronics
1495,Television,909.07,55,Accessories
1496,Speaker,1098.02,73,Electronics
1497,Speaker,1401.35,100,Accessories
1498,Printer,1508.52,41,Gadgets
1499,Laptop,1675.82,31,Gadgets
1500,Camera,1878.13,4,Accessories
1501,Monitor,1016.61,7,Accessories
1502,Headphones,1152.56,0,Gadgets
1503,Smartwatch,1227.06,22,Gadgets
1504,Camera,1389.07,81,Accessories
1505,Monitor,1936.29,0,Gadgets
1506,Printer,1295.21,15,Accessories
1507,Headphones,1532.85,80,Accessories
1508,Printer,653.73,86,Accessories
1509,Headphones,1971.3,88,Gadgets
1510,Camera,1232.48,2,Gadgets
1511,Headphones,1007.12,53,Electronics
1512,Printer,1859.16,46,Accessories
1513,Smartwatch,1703.78,84,Accessories
1514,Headphones,728.46,67,Electronics
1515,Smartphone,1018.59,62,Electronics
1516,Smartwatch,681.73,42,Gadgets
1517,Printer,988.39,38,Gadgets
1518,Laptop,1745.95,83,Accessories
1519,Headphones,575.77,84,Gadgets
1520,Laptop,810.84,85,Electronics
1521,Monitor,797.77,3,Gadgets
1522,Printer,1612.89,45,Electronics
1523,Printer,1385.0,17,Electronics
1524,Laptop,1049.39,77,Accessories
1525,Smartphone,1228.08,51,Gadgets
1526,Tablet,670.3,29,Electronics
1527,Laptop,1077.0,7,Electronics
1528,Smartwatch,1151.19,7,Electronics
1529,Tablet,825.84,0,Accessories
1530,Headphones,1780.49,20,Electronics
1531,Television,987.43,2,Electronics
1532,Smartwatch,1378.32,61,Electronics
1533,Monitor,975.04,39,Electronics
1534,Smartphone,926.74,19,Electronics
1535,Headphones,607.04,51,Accessories
1536,Smartphone,684.29,76,Accessories
1537,Laptop,1160.33,66,Electronics
1538,Smartwatch,1839.88,14,Electronics
1539,Television,1892.37,60,Gadgets
1540,Smartphone,1277.26,99,Electronics
1541,Tablet,1171.24,23,Electronics
1542,Television,1112.17,96,Gadgets
1543,Camera,1104.85,99,Accessories
1544,Television,1528.92,50,Gadgets
1545,Smartphone,892.83,41,Gadgets
1546,Laptop,1383.55,86,Gadgets
1547,Television,1991.19,17,Gadgets
1548,Printer,1198.64,73,Electronics
1549,Television,820.28,95,Accessories
1550,Monitor,873.99,45,Accessories
1551,Television,1906.31,66,Gadgets
1552,Laptop,974.47,26,Gadgets
1553,Smartwatch,1460.85,44,Gadgets
1554,Smartwatch,1798.26,42,Accessories
1555,Smartphone,845.61,45,Electronics
1556,Smartwatch,939.54,76,Electronics
1557,Speaker,1361.32,5,Electronics
1558,Speaker,1064.45,98,Gadgets
1559,Camera,1771.34,1,Accessories
1560,Speaker,1284.95,14,Accessories
1561,Printer,1618.48,85,Gadgets
1562,Television,957.85,55,Electronics
1563,Smartwatch,1178.05,12,Gadgets
1564,Monitor,1644.95,65,Gadgets
1565,Headphones,1580.03,63,Gadgets
1566,Camera,822.95,37,Electronics
1567,Headphones,1416.4,31,Accessories
1568,Speaker,1267.97,72,Gadgets
1569,Camera,1517.86,63,Gadgets
1570,Television,1462.45,50,Accessories
1571,Laptop,1913.32,11,Accessories
1572,Smartwatch,1486.15,14,Electronics
1573,Monitor,1547.86,61,Gadgets
1574,Tablet,1039.74,58,Electronics
1575,Headphones,1829.33,51,Electronics
1576,Camera,1952.0,42,Electronics
1577,Monitor,1144.56,68,Gadgets
1578,Television,1127.77,77,Electronics
1579,Smartphone,781.95,25,Accessories
1580,Headphones,873.48,6,Accessories
1581,Headphones,1116.56,27,Electronics
1582,Speaker,1602.51,8,Electronics
1583,Television,696.02,79,Electronics
1584,Speaker,660.34,8,Gadgets
1585,Speaker,1465.81,95,Gadgets
1586,Television,1515.24,89,Gadgets
1587,Headphones,1483.48,65,Gadgets
1588,Headphones,1959.06,94,Accessories
1589,Headphones,991.32,2,Accessories
1590,Speaker,1231.63,91,Accessories
1591,Laptop,1112.06,82,Gadgets
1592,Laptop,1369.01,54,Gadgets
1593,Camera,677.74,7,Accessories
1594,Speaker,989.6,19,Electronics
1595,Television,676.8,72,Accessories
1596,Headphones,682.76,42,Accessories
1597,Smartphone,1872.55,79,Electronics
1598,Laptop,1675.87,78,Accessories
1599,Tablet,537.79,85,Electronics
1600,Printer,1938.55,37,Gadgets
1601,Headphones,846.64,15,Accessories
1602,Printer,533.47,47,Electronics
1603,Printer,1369.65,66,Electronics
1604,Smartwatch,1920.12,51,Accessories
1605,Smartwatch,571.46,36,Gadgets
1606,Camera,533.33,15,Accessories
1607,Tablet,1299.72,66,Electronics
1608,Tablet,1789.88,59,Electronics
1609,Smartphone,1295.83,48,Gadgets
1610,Headphones,1782.5,48,Accessories
1611,Speaker,550.63,96,Accessories
1612,Laptop,673.93,10,Accessories
1613,Television,1107.27,73,Accessories
1614,Monitor,1971.32,51,Electronics
1615,Printer,1489.42,45,Gadgets
1616,Monitor,1900.01,70,Electronics
1617,Speaker,934.47,80,Electronics
1618,Smartphone,1172.29,36,Gadgets
1619,Laptop,1314.51,12,Gadgets
1620,Television,1309.97,19,Electronics
1621,Laptop,1829.32,14,Accessories
1622,Camera,1160.33,19,Electronics
1623,Laptop,1728.62,27,Gadgets
1624,Smartphone,559.02,48,Gadgets
1625,Headphones,1823.54,77,Gadgets
1626,Camera,1729.49,68,Gadgets
1627,Camera,1542.27,78,Electronics
1628,Printer,1417.83,57,Gadgets
1629,Camera,1229.14,86,Electronics
1630,Printer,1237.35,82,Gadgets
1631,Headphones,501.43,78,Electronics
1632,Monitor,653.78,76,Gadgets
1633,Tablet,921.48,81,Gadgets
1634,Headphones,1441.43,100,Accessories
1635,Monitor,1746.78,51,Gadgets
1636,Camera,1411.93,85,Accessories
1637,Tablet,634.89,57,Electronics
1638,Smartphone,1317.45,8,Gadgets
1639,Printer,1254.11,64,Gadgets
1640,Printer,1808.24,31,Electronics
1641,Television,808.24,71,Gadgets
1642,Printer,1696.38,8,Accessories
1643,Smartphone,1490.5,76,Electronics
1644,Headphones,596.43,91,Gadgets
1645,Television,1919.73,86,Gadgets
1646,Camera,533.82,27,Gadgets
1647,Camera,1266.42,91,Accessories
1648,Television,909.72,22,Electronics
1649,Speaker,1256.69,40,Gadgets
1650,Headphones,596.35,82,Gadgets
1651,Camera,1949.48,14,Gadgets
1652,Smartphone,1203.57,32,Gadgets
1653,Camera,1283.33,41,Gadgets
1654,Television,561.52,22,Gadgets
1655,Monitor,1211.23,57,Electronics
1656,Headphones,1681.81,98,Gadgets
1657,Camera,1211.86,94,Accessories
1658,Speaker,910.47,76,Gadgets
1659,Smartwatch,655.61,53,Accessories
1660,Tablet,1772.56,62,Gadgets
1661,Television,881.04,21,Gadgets
1662,Television,1708.94,76,Electronics
1663,Camera,1938.57,74,Accessories
1664,Speaker,1872.58,60,Accessories
1665,Smartphone,704.68,35,Accessories
1666,Smartphone,634.58,69,Accessories
1667,Smartwatch,1757.03,2,Electronics
1668,Smartwatch,500.35,67,Electronics
1669,Smartphone,1593.37,74,Gadgets
1670,Monitor,712.16,8,Gadgets
1671,Printer,1539.19,100,Accessories
1672,Printer,1417.12,14,Gadgets
1673,Television,1310.83,45,Electronics
1674,Laptop,852.11,81,Gadgets
1675,Headphones,944.96,88,Accessories
1676,Printer,588.94,56,Accessories
1677,Headphones,1625.43,1,Gadgets
1678,Camera,1737.18,29,Gadgets
1679,Smartphone,1688.41,81,Gadgets
1680,Headphones,1697.05,99,Gadgets
1681,Smartwatch,1717.54,73,Electronics
1682,Laptop,1487.65,90,Electronics
1683,Smartphone,662.03,85,Accessories
1684,Speaker,698.08,8,Electronics
1685,Laptop,1555.63,39,Electronics
1686,Printer,1148.05,17,Electronics
1687,Smartwatch,515.41,88,Electronics
1688,Camera,974.88,23,Gadgets
1689,Laptop,1518.03,100,Gadgets
1690,Camera,1378.18,74,Gadgets
1691,Television,1674.65,72,Accessories
1692,Smartwatch,643.09,47,Gadgets
1693,Camera,1082.75,73,Gadgets
1694,Headphones,1765.3,12,Electronics
1695,Television,1206.43,48,Electronics
1696,Headphones,506.75,0,Gadgets
1697,Printer,620.5,81,Electronics
1698,Headphones,1979.57,42,Electronics
1699,Headphones,1575.82,99,Electronics
1700,Monitor,1136.41,68,Electronics
1701,Laptop,1927.94,59,Electronics
1702,Smartphone,897.47,68,Electronics
1703,Printer,1385.15,21,Gadgets
1704,Television,747.13,64,Electronics
1705,Headphones,1238.82,71,Gadgets
1706,Laptop,1142.12,74,Electronics
1707,Headphones,1587.34,79,Gadgets
1708,Speaker,1298.38,7,Accessories
1709,Smartphone,1740.17,55,Electronics
1710,Tablet,1021.46,79,Gadgets
1711,Printer,740.68,96,Accessories
1712,Monitor,1456.26,19,Accessories
1713,Camera,976.07,29,Gadgets
1714,Camera,1616.13,97,Accessories
1715,Printer,1140.38,38,Electronics
1716,Speaker,1180.65,38,Accessories
1717,Speaker,1386.71,38,Gadgets
1718,Printer,1277.82,93,Electronics
1719,Television,967.09,57,Gadgets
1720,Printer,1647.97,81,Gadgets
1721,Headphones,1556.8,92,Accessories
1722,Speaker,1053.32,0,Electronics
1723,Camera,1991.21,65,Gadgets
1724,Speaker,1819.81,54,Electronics
1725,Television,1524.05,13,Gadgets
1726,Monitor,837.54,35,Gadgets
1727,Printer,1503.85,98,Accessories
1728,Tablet,1333.09,71,Gadgets
1729,Television,676.4,66,Accessories
1730,Laptop,1013.49,69,Accessories
1731,Laptop,980.38,74,Accessories
1732,Smartphone,1036.97,83,Gadgets
1733,Tablet,1085.27,37,Electronics
1734,Speaker,632.18,95,Gadgets
1735,Headphones,1207.89,65,Electronics
1736,Monitor,1926.99,99,Electronics
1737,Laptop,524.49,43,Gadgets
1738,Smartphone,1267.54,89,Gadgets
1739,Speaker,887.48,16,Accessories
1740,Speaker,1548.1,18,Accessories
1741,Smartphone,1590.98,53,Accessories
1742,Tablet,744.6,18,Accessories
1743,Printer,577.37,82,Accessories
1744,Headphones,1833.86,64,Accessories
1745,Printer,984.86,57,Electronics
1746,Camera,1843.98,59,Gadgets
1747,Printer,614.31,41,Gadgets
1748,Monitor,1384.01,23,Gadgets
1749,Smartphone,977.87,21,Accessories
1750,Tablet,1695.97,88,Accessories
1751,Smartphone,550.52,1,Gadgets
1752,Monitor,979.91,75,Gadgets
1753,Printer,549.03,32,Electronics
1754,Smartphone,1110.58,6,Accessories
1755,Television,1289.89,59,Gadgets
1756,Camera,1036.92,77,Accessories
1757,Smartwatch,806.91,79,Accessories
1758,Smartphone,1980.51,1,Accessories
1759,Television,549.07,37,Gadgets
1760,Camera,1338.43,17,Electronics
1761,Camera,1709.64,16,Electronics
1762,Television,511.71,97,Gadgets
1763,Smartwatch,1291.93,72,Gadgets
1764,Television,941.55,92,Gadgets
1765,Monitor,729.67,1,Electronics
1766,Printer,1237.37,66,Gadgets
1767,Monitor,545.91,10,Electronics
1768,Smartphone,1764.07,87,Electronics
1769,Camera,691.63,39,Accessories
1770,Laptop,857.07,50,Electronics
1771,Television,1799.73,32,Accessories
1772,Camera,1097.47,70,Accessories
1773,Smartwatch,1487.46,100,Electronics
1774,Monitor,1797.74,8,Accessories
1775,Television,1729.73,82,Gadgets
1776,Laptop,1661.25,73,Electronics
1777,Laptop,980.1,24,Gadgets
1778,Smartphone,1743.43,68,Gadgets
1779,Speaker,983.24,73,Accessories
1780,Smartwatch,1393.52,7,Electronics
1781,Monitor,1315.86,28,Gadgets
1782,Tablet,920.56,100,Gadgets
1783,Television,1152.43,81,Gadgets
1784,Camera,725.43,44,Gadgets
1785,Smartwatch,1671.54,83,Gadgets
1786,Headphones,1668.93,100,Electronics
1787,Monitor,509.65,48,Accessories
1788,Television,1204.4,57,Gadgets
1789,Smartphone,719.66,3,Electronics
1790,Smartphone,1845.54,81,Electronics
1791,Monitor,1361.89,100,Electronics
1792,Printer,781.0,84,Accessories
1793,Television,899.2,62,Accessories
1794,Laptop,774.12,68,Electronics
1795,Laptop,919.79,30,Accessories
1796,Tablet,559.88,37,Electronics
1797,Speaker,967.1,12,Electronics
1798,Smartphone,1020.96,51,Gadgets
1799,Smartwatch,1157.14,1,Gadgets
1800,Headphones,1467.19,59,Electronics
1801,Tablet,768.14,83,Accessories
1802,Smartwatch,822.45,85,Electronics
1803,Printer,1581.9,98,Gadgets
1804,Television,630.12,12,Accessories
1805,Laptop,1589.82,6,Gadgets
1806,Laptop,579.06,85,Gadgets
1807,Headphones,546.14,44,Gadgets
1808,Tablet,1622.57,52,Gadgets
1809,Camera,507.92,60,Gadgets
1810,Monitor,813.74,76,Accessories
1811,Speaker,1812.7,65,Electronics
1812,Speaker,967.09,49,Accessories
1813,Headphones,932.47,91,Gadgets
1814,Laptop,1818.92,41,Electronics
1815,Smartphone,1528.79,43,Electronics
1816,Laptop,782.08,31,Accessories
1817,Television,1986.42,1,Accessories
1818,Headphones,1153.74,74,Electronics
1819,Smartwatch,522.11,49,Gadgets
1820,Camera,1992.57,12,Electronics
1821,Television,1766.93,28,Electronics
1822,Smartwatch,789.83,54,Electronics
1823,Smartphone,932.51,76,Electronics
1824,Television,1783.48,2,Gadgets
1825,Headphones,623.66,12,Accessories
1826,Television,1878.34,94,Electronics
1827,Camera,926.62,47,Gadgets
1828,Laptop,1907.04,32,Gadgets
1829,Monitor,1142.63,46,Electronics
1830,Monitor,792.83,77,Accessories
1831,Camera,1766.53,57,Accessories
1832,Printer,1170.01,59,Electronics
1833,Smartwatch,1507.79,99,Gadgets
1834,Television,977.56,30,Electronics
1835,Smartphone,1625.74,77,Gadgets
1836,Smartwatch,1047.42,27,Electronics
1837,Headphones,1187.54,55,Accessories
1838,Smartwatch,1527.66,93,Gadgets
1839,Camera,1874.31,13,Accessories
1840,Monitor,962.46,94,Gadgets
1841,Camera,840.88,45,Electronics
1842,Tablet,1265.56,41,Accessories
1843,Speaker,807.06,24,Accessories
1844,Smartwatch,553.86,26,Electronics
1845,Printer,1196.46,74,Accessories
1846,Speaker,1033.92,28,Accessories
1847,Smartwatch,807.98,91,Accessories
1848,Headphones,1993.66,56,Electronics
1849,Monitor,1273.46,62,Accessories
1850,Monitor,1860.57,24,Gadgets
1851,Monitor,1698.26,65,Gadgets
1852,Headphones,584.19,63,Electronics
1853,Smartwatch,516.98,25,Gadgets
1854,Headphones,1427.9,29,Gadgets
1855,Smartphone,606.48,2,Accessories
1856,Headphones,710.22,36,Accessories
1857,Monitor,546.88,59,Accessories
1858,Monitor,1059.43,83,Gadgets
1859,Smartphone,790.31,67,Gadgets
1860,Speaker,1180.97,13,Electronics
1861,Printer,808.84,87,Electronics
1862,Monitor,966.35,47,Gadgets
1863,Monitor,1999.19,36,Electronics
1864,Camera,1930.53,35,Electronics
1865,Television,1948.22,24,Gadgets
1866,Laptop,542.69,65,Electronics
1867,Television,541.32,54,Accessories
1868,Monitor,1220.88,40,Accessories
1869,Laptop,529.16,28,Accessories
1870,Laptop,1443.84,84,Electronics
1871,Smartwatch,856.36,37,Gadgets
1872,Monitor,1832.22,59,Accessories
1873,Smartwatch,978.57,95,Gadgets
1874,Laptop,1569.33,96,Gadgets
1875,Laptop,1449.88,50,Gadgets
1876,Smartwatch,619.31,87,Gadgets
1877,Smartwatch,1798.55,34,Accessories
1878,Camera,1577.32,35,Accessories
1879,Headphones,1316.38,100,Accessories
1880,Printer,669.35,36,Gadgets
1881,Speaker,1720.07,15,Electronics
1882,Printer,1357.54,36,Electronics
1883,Headphones,1764.55,49,Gadgets
1884,Television,903.05,98,Electronics
1885,Smartwatch,1897.58,3,Electronics
1886,Headphones,1175.72,77,Accessories
1887,Television,1503.75,43,Accessories
1888,Smartwatch,657.35,77,Electronics
1889,Smartwatch,1012.89,42,Electronics
1890,Laptop,1588.01,57,Gadgets
1891,Monitor,1331.44,77,Electronics
1892,Laptop,1722.2,24,Electronics
1893,Monitor,923.73,93,Electronics
1894,Tablet,1946.14,6,Electronics
1895,Smartphone,1297.11,69,Electronics
1896,Laptop,1103.29,92,Electronics
1897,Tablet,1234.21,36,Electronics
1898,Speaker,1241.12,18,Gadgets
1899,Smartwatch,923.65,17,Accessories
1900,Headphones,1154.64,41,Electronics
1901,Printer,529.85,9,Accessories
1902,Printer,597.75,58,Electronics
1903,Television,1091.12,4,Electronics
1904,Smartwatch,1026.74,89,Accessories
1905,Smartwatch,1570.63,0,Accessories
1906,Printer,1509.95,83,Electronics
1907,Laptop,1578.79,96,Gadgets
1908,Printer,804.09,57,Electronics
1909,Monitor,952.11,32,Gadgets
1910,Monitor,1671.07,18,Accessories
1911,Camera,1831.15,57,Gadgets
1912,Tablet,1219.25,62,Accessories
1913,Camera,910.39,75,Gadgets
1914,Laptop,1076.68,22,Gadgets
1915,Camera,673.25,83,Gadgets
1916,Speaker,713.77,76,Electronics
1917,Monitor,1299.93,97,Electronics
1918,Smartphone,515.93,20,Accessories
1919,Smartwatch,1295.81,23,Electronics
1920,Monitor,936.27,56,Accessories
1921,Camera,1434.83,17,Accessories
1922,Printer,560.98,48,Electronics
1923,Headphones,1474.98,24,Electronics
1924,Television,594.57,4,Gadgets
1925,Smartphone,1849.63,18,Accessories
1926,Monitor,808.42,3,Accessories
1927,Headphones,1542.12,79,Accessories
1928,Television,1247.84,20,Electronics
1929,Printer,1289.16,26,Accessories
1930,Smartwatch,1217.89,7,Accessories
1931,Laptop,1433.29,57,Accessories
1932,Monitor,773.25,89,Gadgets
1933,Television,1648.96,49,Accessories
1934,Headphones,665.35,14,Electronics
1935,Monitor,1990.13,43,Accessories
1936,Television,980.51,25,Electronics
1937,Laptop,1900.53,94,Gadgets
1938,Smartphone,785.0,9,Accessories
1939,Monitor,771.63,78,Gadgets
1940,Camera,1879.98,66,Gadgets
1941,Smartwatch,698.26,77,Gadgets
1942,Monitor,1936.82,29,Electronics
1943,Smartphone,1543.68,71,Accessories
1944,Tablet,1380.71,56,Gadgets
1945,Monitor,908.98,49,Gadgets
1946,Smartphone,1841.52,82,Electronics
1947,Television,1731.3,46,Electronics
1948,Camera,1675.91,92,Accessories
1949,Laptop,1676.69,88,Electronics
1950,Laptop,521.2,39,Accessories
1951,Television,637.88,37,Electronics
1952,Printer,949.37,69,Accessories
1953,Headphones,1054.11,76,Accessories
1954,Camera,1112.79,99,Gadgets
1955,Printer,639.76,89,Gadgets
1956,Television,1468.4,78,Accessories
1957,Speaker,711.27,38,Accessories
1958,Television,1644.73,31,Accessories
1959,Smartphone,654.23,31,Gadgets
1960,Speaker,1121.72,64,Accessories
1961,Printer,998.98,2,Accessories
1962,Headphones,652.35,56,Electronics
1963,Speaker,789.34,33,Gadgets
1964,Tablet,1506.09,8,Electronics
1965,Printer,978.0,77,Gadgets
1966,Speaker,533.7,67,Gadgets
1967,Monitor,1796.22,31,Gadgets
1968,Headphones,528.93,96,Accessories
1969,Speaker,1193.29,98,Gadgets
1970,Speaker,1045.86,19,Gadgets
1971,Laptop,1774.82,32,Electronics
1972,Smartphone,1623.1,71,Accessories
1973,Smartwatch,1058.35,13,Gadgets
1974,Television,657.8,17,Electronics
1975,Monitor,1330.94,45,Electronics
1976,Camera,1320.35,88,Electronics
1977,Laptop,1874.31,54,Accessories
1978,Laptop,1778.34,98,Electronics
1979,Camera,1163.38,23,Accessories
1980,Printer,1723.74,43,Accessories
1981,Television,1344.59,54,Accessories
1982,Printer,1244.18,60,Gadgets
1983,Printer,1057.01,30,Gadgets
1984,Monitor,934.3,25,Gadgets
1985,Headphones,534.05,49,Accessories
1986,Speaker,1857.77,88,Gadgets
1987,Headphones,1349.62,45,Gadgets
1988,Laptop,1301.43,25,Accessories
1989,Television,1732.48,54,Accessories
1990,Speaker,804.33,97,Accessories
1991,Printer,986.2,88,Gadgets
1992,Printer,1332.62,68,Gadgets
1993,Camera,1191.89,70,Accessories
1994,Speaker,1776.38,19,Gadgets
1995,Headphones,1774.74,92,Gadgets
1996,Camera,1545.09,49,Accessories
1997,Smartwatch,1736.88,46,Electronics
1998,Camera,1916.3,40,Accessories
1999,Smartwatch,1538.92,0,Accessories
2000,Headphones,1839.48,64,Electronics
